User Name,First Name,Last Name,Display Name
chris@contoso.com,rachapathi,Nages,Chris Green
ben@contoso.com,Ben,Andrews,Ben Andrews
david@contoso.com,David,Longmuir,David Longmuir
cynthia@contoso.com,Cynthia,Carey,Cynthia Carey
melissa@contoso.com,Melissa,MacBeth,Melissa MacBeth
